-- 10 cars
INSERT INTO cars (id, licenseplate, brand, carstatus) VALUES (100, '33-TTB-3', 'Toyota', 'CHECKED_IN');
INSERT INTO cars (id, licenseplate, brand, carstatus)  VALUES (101, '12-LOL-3', 'Toyota', 'INSPECTING');
INSERT INTO cars (id, licenseplate, brand, carstatus)  VALUES (102, '45-WTF-6', 'Toyota', 'REPAIR');
INSERT INTO cars (id, licenseplate, brand, carstatus)  VALUES (103, '78-OMG-9', 'Toyota', 'WASHING');
INSERT INTO cars (id, licenseplate, brand, carstatus)  VALUES (104, '00-OMA-1', 'Toyota', 'READY');
INSERT INTO cars (id, licenseplate, brand, carstatus)  VALUES (105, '00-AAA-0', 'Toyota','PICKED_UP');
INSERT INTO cars (id, licenseplate, brand, carstatus)  VALUES (106, '00-OPA-1', 'Saab', 'CHECKED_IN');
INSERT INTO cars (id, licenseplate, brand, carstatus)  VALUES (107, '00-OPA-2', 'Ford', 'CHECKED_IN');
INSERT INTO cars (id, licenseplate, brand, carstatus)  VALUES (108, '00-OPA-3', 'Lada', 'CHECKED_IN');
INSERT INTO cars (id, licenseplate, brand, carstatus)  VALUES (109, '00-OPA-4', 'fiets', 'CHECKED_IN');

--carparts Car1
INSERT INTO carparts (id, carpartname, state, checked, car_id) VALUES (100, 'TIRES', '3mm profile', true, 100);
INSERT INTO carparts (id, carpartname, state, checked, car_id) VALUES (101, 'BRAKES', 'worn out', true, 100);
INSERT INTO carparts (id, carpartname, state, checked, car_id) VALUES (102, 'STEERING_LINING', 'aligned', true, 100);
INSERT INTO carparts (id, carpartname, state, checked, car_id) VALUES (103, 'LIGHTS', 'breaklight broken', true, 100);
INSERT INTO carparts (id, carpartname, state, checked, car_id) VALUES (104, 'SUSPENSION', 'working fine', true, 100);
INSERT INTO carparts (id, carpartname, state, checked, car_id) VALUES (105, 'SCHOCK_ABSORPTION', 'working fine', true, 100);

--carparts Car2
INSERT INTO carparts (id, carpartname, state, checked, car_id) VALUES (106, 'TIRES', '3mm profile', true, 101);
INSERT INTO carparts (id, carpartname, state, checked, car_id) VALUES (107, 'BRAKES', 'worn out', true, 101);
INSERT INTO carparts (id, carpartname, state, checked, car_id) VALUES (108, 'STEERING_LINING', 'aligned', true, 101);
INSERT INTO carparts (id, carpartname, state, checked, car_id) VALUES (109, 'LIGHTS', 'breaklight broken', true, 101);
INSERT INTO carparts (id, carpartname, state, checked, car_id) VALUES (110, 'SUSPENSION', 'working fine', true, 101);
INSERT INTO carparts (id, carpartname, state, checked, car_id) VALUES (111, 'SCHOCK_ABSORPTION', 'working fine', true, 101);

--carparts Car3
INSERT INTO carparts (id, carpartname, state, checked, car_id) VALUES (112, 'TIRES', '3mm profile', true, 102);
INSERT INTO carparts (id, carpartname, state, checked, car_id) VALUES (113, 'BRAKES', 'worn out', true, 102);
INSERT INTO carparts (id, carpartname, state, checked, car_id) VALUES (114, 'STEERING_LINING', 'aligned', true, 102);
INSERT INTO carparts (id, carpartname, state, checked, car_id) VALUES (115, 'LIGHTS', 'breaklight broken', true, 102);
INSERT INTO carparts (id, carpartname, state, checked, car_id) VALUES (116, 'SUSPENSION', 'working fine', true, 102);
INSERT INTO carparts (id, carpartname, state, checked, car_id) VALUES (117, 'SCHOCK_ABSORPTION', 'working fine', true, 102);

--carparts Car4
INSERT INTO carparts (id, carpartname, state, checked, car_id) VALUES (118, 'TIRES', '3mm profile', true, 103);
INSERT INTO carparts (id, carpartname, state, checked, car_id) VALUES (119, 'BRAKES', 'worn out', true, 103);
INSERT INTO carparts (id, carpartname, state, checked, car_id) VALUES (120, 'STEERING_LINING', 'aligned', true, 103);
INSERT INTO carparts (id, carpartname, state, checked, car_id) VALUES (121, 'LIGHTS', 'breaklight broken', true, 103);
INSERT INTO carparts (id, carpartname, state, checked, car_id) VALUES (122, 'SUSPENSION', 'working fine', true, 103);
INSERT INTO carparts (id, carpartname, state, checked, car_id) VALUES (123, 'SCHOCK_ABSORPTION', 'working fine', true, 103);

--carparts Car5
INSERT INTO carparts (id, carpartname, state, checked, car_id) VALUES (124, 'TIRES', '3mm profile', true, 104);
INSERT INTO carparts (id, carpartname, state, checked, car_id) VALUES (125, 'BRAKES', 'worn out', true, 104);
INSERT INTO carparts (id, carpartname, state, checked, car_id) VALUES (126, 'STEERING_LINING', 'aligned', true, 104);
INSERT INTO carparts (id, carpartname, state, checked, car_id) VALUES (127, 'LIGHTS', 'breaklight broken', true, 104);
INSERT INTO carparts (id, carpartname, state, checked, car_id) VALUES (128, 'SUSPENSION', 'working fine', true, 104);
INSERT INTO carparts (id, carpartname, state, checked, car_id) VALUES (129, 'SCHOCK_ABSORPTION', 'working fine', true, 104);

--carparts Car6
INSERT INTO carparts (id, carpartname, state, checked, car_id) VALUES (130, 'TIRES', '3mm profile', true, 105);
INSERT INTO carparts (id, carpartname, state, checked, car_id) VALUES (131, 'BRAKES', 'worn out', true, 105);
INSERT INTO carparts (id, carpartname, state, checked, car_id) VALUES (132, 'STEERING_LINING', 'aligned', true, 105);
INSERT INTO carparts (id, carpartname, state, checked, car_id) VALUES (133, 'LIGHTS', 'breaklight broken', true, 105);
INSERT INTO carparts (id, carpartname, state, checked, car_id) VALUES (134, 'SUSPENSION', 'working fine', true, 105);
INSERT INTO carparts (id, carpartname, state, checked, car_id) VALUES (135, 'SCHOCK_ABSORPTION', 'working fine', true, 105);

--carparts Car7
INSERT INTO carparts (id, carpartname, state, checked, car_id) VALUES (136, 'TIRES', '3mm profile', true, 106);
INSERT INTO carparts (id, carpartname, state, checked, car_id) VALUES (137, 'BRAKES', 'worn out', true, 106);
INSERT INTO carparts (id, carpartname, state, checked, car_id) VALUES (138, 'STEERING_LINING', 'aligned', true, 106);
INSERT INTO carparts (id, carpartname, state, checked, car_id) VALUES (139, 'LIGHTS', 'breaklight broken', true, 106);
INSERT INTO carparts (id, carpartname, state, checked, car_id) VALUES (140, 'SUSPENSION', 'working fine', true, 106);
INSERT INTO carparts (id, carpartname, state, checked, car_id) VALUES (141, 'SCHOCK_ABSORPTION', 'working fine', true, 106);

--carparts Car8
INSERT INTO carparts (id, carpartname, state, checked, car_id) VALUES (142, 'TIRES', '3mm profile', true, 107);
INSERT INTO carparts (id, carpartname, state, checked, car_id) VALUES (143, 'BRAKES', 'worn out', true, 107);
INSERT INTO carparts (id, carpartname, state, checked, car_id) VALUES (144, 'STEERING_LINING', 'aligned', true, 107);
INSERT INTO carparts (id, carpartname, state, checked, car_id) VALUES (145, 'LIGHTS', 'breaklight broken', true, 107);
INSERT INTO carparts (id, carpartname, state, checked, car_id) VALUES (146, 'SUSPENSION', 'working fine', true, 107);
INSERT INTO carparts (id, carpartname, state, checked, car_id) VALUES (147, 'SCHOCK_ABSORPTION', 'working fine', true, 107);

--carparts Car9
INSERT INTO carparts (id, carpartname, state, checked, car_id) VALUES (148, 'TIRES', '3mm profile', true, 108);
INSERT INTO carparts (id, carpartname, state, checked, car_id) VALUES (149, 'BRAKES', 'worn out', true, 108);
INSERT INTO carparts (id, carpartname, state, checked, car_id) VALUES (150, 'STEERING_LINING', 'aligned', true, 108);
INSERT INTO carparts (id, carpartname, state, checked, car_id) VALUES (151, 'LIGHTS', 'breaklight broken', true, 108);
INSERT INTO carparts (id, carpartname, state, checked, car_id) VALUES (152, 'SUSPENSION', 'working fine', true, 108);
INSERT INTO carparts (id, carpartname, state, checked, car_id) VALUES (153, 'SCHOCK_ABSORPTION', 'working fine', true, 108);

--carparts Car10
INSERT INTO carparts (id, carpartname, state, checked, car_id) VALUES (154, 'TIRES', '3mm profile', true, 109);
INSERT INTO carparts (id, carpartname, state, checked, car_id) VALUES (155, 'BRAKES', 'worn out', true, 109);
INSERT INTO carparts (id, carpartname, state, checked, car_id) VALUES (156, 'STEERING_LINING', 'aligned', true, 109);
INSERT INTO carparts (id, carpartname, state, checked, car_id) VALUES (157, 'LIGHTS', 'breaklight broken', true, 109);
INSERT INTO carparts (id, carpartname, state, checked, car_id) VALUES (158, 'SUSPENSION', 'working fine', true, 109);
INSERT INTO carparts (id, carpartname, state, checked, car_id) VALUES (159, 'SCHOCK_ABSORPTION', 'working fine', true, 109);

INSERT INTO users (username, password, email, enabled) VALUES ('User1!', '$2a$12$HEd.yE8e5lbwMdAS1qdNO.D7zcFnj1gnfk20sRUa4DzEE3biM8poe','user1@test.nl', TRUE);
INSERT INTO users (username, password, email, enabled) VALUES ('User2!', '$2a$12$ZDHvfDCum.R00P29BW0W8uW/g.Eaebsa.gXWDSbGGuZ1TYVD8q95.','user2@test.nl', TRUE);
INSERT INTO users (username, password, email, enabled) VALUES ('User3!', '$2a$12$8nkoH5i3RhEZtg8aFoeQw.cUOJQPD9SZdXtNyNVQ2KfRj9hFCPCNm','user3@test.nl', TRUE);
INSERT INTO users (username, password, email, enabled) VALUES ('User4!', '$2a$12$kJeQgmzcI4e5te1ZeYskcODEjW99GIfAEFlBwfmdbTZrWXe.qh/l2','user4@test.nl', TRUE);
INSERT INTO users (username, password, email, enabled) VALUES ('User5!', '$2a$12$uQlkaqGN.vPFaCKk72W07eLjjB5eyRk55nbnCOyciGnOiFMsdOMFy','user5@test.nl', TRUE);
INSERT INTO users (username, password, email, enabled) VALUES ('User6!', '$2a$12$ZJ5qOP8ELpmaeTkmTke8/.t44vQvQkbbjziECIeYE0Ds38jgVN.XG','user6@test.nl', TRUE);
INSERT INTO users (username, password, email, enabled) VALUES ('User7!', '$2a$12$CRqZoLji02HGBL6Jglojt.05uM4gE5Y2vCOx8uW42deu8eYEB8dEW','user7@test.nl', TRUE);
INSERT INTO users (username, password, email, enabled) VALUES ('User8!', '$2a$12$dLNSkQhCfXU6/yKeNIeij.p2E8c.Bf.sAtBYMvt3IQz9b7OD1VYQm','user8@test.nl', TRUE);
INSERT INTO users (username, password, email, enabled) VALUES ('User9!', '$2a$12$KkgDcCWrwCfCYcsdLPcENuahrpBbJyZpA2c/R2hJv2UKuqGiXHz76','user9@test.nl', TRUE);
INSERT INTO users (username, password, email, enabled) VALUES ('Admin1!', '$2a$12$b6uazzC/lqlfn3U0xWDSTe.DaxX6hHxf87IByZ6OMtmsNhwaCWY7y', 'admin@test.nl', TRUE);
INSERT INTO users (username, password, email, enabled) VALUES ('Mechanic1!', '$2a$12$tV5ltUwlW4QgYlq/4zKrkuTHXWElTccAtwM/7vucxNiCTHlT0jZE6', 'mechanic@test.nl', TRUE);
INSERT INTO users (username, password, email, enabled) VALUES ('Desk1!', '$2a$12$hjH1ttYuv7zm10HI.wGw6uKjRhjWSrd..jkKACNuXQKjdd3J35UfK', 'desk@test.nl', TRUE);
INSERT INTO users (username, password, email, enabled) VALUES ('Superadmin1!', '$2a$12$yuYsnlbPZGF2aFleZdHSH.6uF4tNU5dIc14bagK.OCNBauBx0w6eq', 'pjdijxhoorn@hotmail.com', TRUE);


INSERT INTO authorities (username, authority) VALUES ('User1!', 'ROLE_USER');
INSERT INTO authorities (username, authority) VALUES ('User2!', 'ROLE_USER');
INSERT INTO authorities (username, authority) VALUES ('User3!', 'ROLE_USER');
INSERT INTO authorities (username, authority) VALUES ('User4!', 'ROLE_USER');
INSERT INTO authorities (username, authority) VALUES ('User5!', 'ROLE_USER');
INSERT INTO authorities (username, authority) VALUES ('User6!', 'ROLE_USER');
INSERT INTO authorities (username, authority) VALUES ('User7!', 'ROLE_USER');
INSERT INTO authorities (username, authority) VALUES ('User8!', 'ROLE_USER');
INSERT INTO authorities (username, authority) VALUES ('User9!', 'ROLE_USER');

INSERT INTO authorities (username, authority) VALUES ('Admin1!', 'ROLE_ADMIN');
INSERT INTO authorities (username, authority) VALUES ('Mechanic1!', 'ROLE_MECHANIC');
INSERT INTO authorities (username, authority) VALUES ('Desk1!', 'ROLE_DESK');

INSERT INTO authorities (username, authority) VALUES ('Superadmin1!', 'ROLE_USER');
INSERT INTO authorities (username, authority) VALUES ('Superadmin1!', 'ROLE_MECHANIC');
INSERT INTO authorities (username, authority) VALUES ('Superadmin1!', 'ROLE_ADMIN');
INSERT INTO authorities (username, authority) VALUES ('Superadmin1!', 'ROLE_DESK');


UPDATE cars SET User_username = 'User1!' WHERE id = 100;
UPDATE cars SET User_username = 'User2!' WHERE id = 101;
UPDATE cars SET User_username = 'User3!' WHERE id = 102;
UPDATE cars SET User_username = 'User4!' WHERE id = 103;
UPDATE cars SET User_username = 'User5!' WHERE id = 104;
UPDATE cars SET User_username = 'User6!' WHERE id = 105;
UPDATE cars SET User_username = 'User7!' WHERE id = 106;
UPDATE cars SET User_username = 'User8!' WHERE id = 107;
UPDATE cars SET User_username = 'User9!' WHERE id = 108;
UPDATE cars SET User_username = 'Superadmin1!' WHERE id = 109;

INSERT INTO carservices(id, repair_approved, custumor_response, mechanic_done, totalrepaircost, car_id) VALUES (100, true, true, true, 0.0, 100);
INSERT INTO carservices(id, repair_approved, custumor_response, mechanic_done, totalrepaircost, car_id) VALUES (101, false, false, false, 0.0, 101);
INSERT INTO carservices(id, repair_approved, custumor_response, mechanic_done, totalrepaircost, car_id) VALUES (102, true, true, true, 0.0, 102);
INSERT INTO carservices(id, repair_approved, custumor_response, mechanic_done, totalrepaircost, car_id) VALUES (103, true, true, true, 0.0, 103);
INSERT INTO carservices(id, repair_approved, custumor_response, mechanic_done, totalrepaircost, car_id) VALUES (104, true, true, true, 0.0, 104);
INSERT INTO carservices(id, repair_approved, custumor_response, mechanic_done, totalrepaircost, car_id) VALUES (105, true, true, true, 0.0, 105);
INSERT INTO carservices(id, repair_approved, custumor_response, mechanic_done, totalrepaircost, car_id) VALUES (106, true, true, true, 0.0, 106);
INSERT INTO carservices(id, repair_approved, custumor_response, mechanic_done, totalrepaircost, car_id) VALUES (107, true, true, true, 0.0, 107);
INSERT INTO carservices(id, repair_approved, custumor_response, mechanic_done, totalrepaircost, car_id) VALUES (108, true, true, true, 0.0, 108);
INSERT INTO carservices(id, repair_approved, custumor_response, mechanic_done, totalrepaircost, car_id) VALUES (109, true, true, true, 0.0, 109);

INSERT INTO repairs (id, notes, repair_cost, repair_done, carpart_id, carservice_id) VALUES (100, 'worn out tires not enough profile left', 100.0, true, 100, 100);
INSERT INTO repairs (id, notes, repair_cost, repair_done, carpart_id, carservice_id) VALUES (101, 'worn out brakes', 100.0, true, 101, 100);
INSERT INTO repairs (id, notes, repair_cost, repair_done, carpart_id, carservice_id) VALUES (102, 'steering lining was way off', 100.0, true, 102, 100);
INSERT INTO repairs (id, notes, repair_cost, repair_done, carpart_id, carservice_id) VALUES (103, 'brakelight broken', 100.0, false, 103, 100);
INSERT INTO repairs (id, notes, repair_cost, repair_done, carpart_id, carservice_id) VALUES (104, 'Suspension was like a babycart when you drop it of a cliff', 100.0, false, 104, 100);

INSERT INTO carpapers (licenseplate, user_username) VALUES ('33-TTB-3', 'User1!');
INSERT INTO carpapers (licenseplate, user_username) VALUES ('12-LOL-3', 'User2!');
INSERT INTO carpapers (licenseplate, user_username) VALUES ('45-WTF-6', 'User3!');
INSERT INTO carpapers (licenseplate, user_username) VALUES ('78-OMG-9', 'User4!');
INSERT INTO carpapers (licenseplate, user_username) VALUES ('00-OMA-1', 'User5!');
INSERT INTO carpapers (licenseplate, user_username) VALUES ('00-AAA-0', 'User6!');
INSERT INTO carpapers (licenseplate, user_username) VALUES ('00-OPA-1', 'User7!');
INSERT INTO carpapers (licenseplate, user_username) VALUES ('00-OPA-2', 'User8!');
INSERT INTO carpapers (licenseplate, user_username) VALUES ('00-OPA-3', 'User9!');
INSERT INTO carpapers (licenseplate, user_username) VALUES ('00-OPA-4', 'Superadmin1!');

UPDATE cars SET carpaper_licenseplate = '33-TTB-3' WHERE id = 100;
UPDATE cars SET carpaper_licenseplate = '12-LOL-3' WHERE id = 101;
UPDATE cars SET carpaper_licenseplate = '45-WTF-6' WHERE id = 102;
UPDATE cars SET carpaper_licenseplate = '78-OMG-9' WHERE id = 103;
UPDATE cars SET carpaper_licenseplate = '00-OMA-1' WHERE id = 104;
UPDATE cars SET carpaper_licenseplate = '00-AAA-0' WHERE id = 105;
UPDATE cars SET carpaper_licenseplate = '00-OPA-1' WHERE id = 106;
UPDATE cars SET carpaper_licenseplate = '00-OPA-2' WHERE id = 107;
UPDATE cars SET carpaper_licenseplate = '00-OPA-3' WHERE id = 108;
UPDATE cars SET carpaper_licenseplate = '00-OPA-4' WHERE id = 109;


--INSERT INTO invoices(id, payed, pdfinvoice, repair_date, totalcost, totalrepaircost, car_id, car_service_id, user_username) VALUES (100, false, '63996' ,'2023-01-09', 399.3, 300, 100, 100, 'User1!')
